xsede.stampede,xsede.stampede,xsede.stampede,xsede.stampede,xsede.stampede,xsede.stampede,xsede.stampede,xsede.stampede,xsede.stampede
xsede.stampede,xsede.stampede,xsede.stampede,xsede.stampede,xsede.stampede,xsede.stampede,xsede.stampede,xsede.stampede,xsede.stampede
xsede.stampede,xsede.stampede,xsede.stampede,xsede.stampede,xsede.stampede,xsede.stampede,xsede.stampede,xsede.stampede,xsede.stampede
xsede.stampede,xsede.stampede,xsede.stampede,xsede.stampede,xsede.stampede,xsede.stampede,xsede.stampede,xsede.stampede,xsede.stampede
xsede.stampede,xsede.stampede,xsede.stampede,xsede.stampede,xsede.stampede,xsede.stampede,xsede.stampede,xsede.stampede,xsede.stampede
xsede.stampede,xsede.stampede,xsede.stampede,xsede.stampede,xsede.stampede,xsede.stampede,xsede.stampede,xsede.stampede,xsede.stampede
xsede.stampede,xsede.stampede,xsede.stampede,xsede.stampede,xsede.stampede,xsede.stampede,xsede.stampede,xsede.stampede,xsede.stampede
xsede.stampede,xsede.stampede,xsede.stampede,xsede.stampede,xsede.stampede,xsede.stampede,xsede.stampede,xsede.stampede,xsede.stampede
xsede.stampede,xsede.stampede,xsede.stampede,xsede.stampede,xsede.stampede,xsede.stampede,xsede.stampede,xsede.stampede,xsede.stampede
xsede.stampede,xsede.stampede,xsede.stampede,xsede.stampede,xsede.stampede,xsede.stampede,xsede.stampede,xsede.stampede,xsede.stampede
xsede.stampede,xsede.stampede,xsede.stampede,xsede.stampede,xsede.stampede,xsede.stampede,xsede.stampede,xsede.stampede,xsede.stampede
xsede.stampede,xsede.stampede,xsede.stampede,xsede.stampede,xsede.stampede,,xsede.stampede,xsede.stampede,xsede.stampede
xsede.stampede,,xsede.stampede,xsede.stampede,xsede.stampede,,xsede.stampede,xsede.stampede,xsede.stampede
xsede.stampede,,xsede.stampede,xsede.stampede,xsede.stampede,,xsede.stampede,xsede.stampede,xsede.stampede
xsede.stampede,,xsede.stampede,,xsede.stampede,,xsede.stampede,xsede.stampede,xsede.stampede
xsede.stampede,,xsede.stampede,,xsede.stampede,,xsede.stampede,,xsede.stampede
xsede.stampede,,xsede.stampede,,xsede.stampede,,xsede.stampede,,xsede.stampede
,,xsede.stampede,,xsede.stampede,,xsede.stampede,,
,,,,xsede.stampede,,xsede.stampede,,
,,,,xsede.stampede,,,,
,,,,xsede.stampede,,,,
,,,,xsede.stampede,,,,
,,,,xsede.stampede,,,,
