xsede.stampede,xsede.stampede,xsede.trestles,xsede.trestles,xsede.stampede,xsede.stampede,xsede.gordon,xsede.stampede,xsede.stampede
xsede.stampede,xsede.stampede,xsede.stampede,xsede.stampede,xsede.gordon,xsede.gordon,xsede.stampede,xsede.stampede,xsede.gordon
xsede.stampede,xsede.stampede,xsede.trestles,xsede.trestles,xsede.gordon,xsede.trestles,,xsede.stampede,xsede.trestles
xsede.stampede,xsede.stampede,xsede.gordon,xsede.stampede,xsede.gordon,xsede.gordon,,xsede.gordon,xsede.trestles
xsede.stampede,xsede.stampede,xsede.stampede,xsede.gordon,xsede.trestles,xsede.stampede,,xsede.stampede,xsede.trestles
xsede.stampede,xsede.stampede,xsede.trestles,,xsede.trestles,xsede.gordon,,,
xsede.stampede,xsede.stampede,xsede.stampede,,,xsede.stampede,,,
xsede.stampede,xsede.stampede,xsede.gordon,,,xsede.trestles,,,
xsede.stampede,xsede.stampede,xsede.stampede,,,,,,
,,xsede.gordon,,,,,,
