xsede.stampede,xsede.stampede,xsede.stampede,xsede.stampede,xsede.stampede,xsede.stampede
xsede.stampede,xsede.gordon,xsede.gordon,xsede.stampede,xsede.stampede,xsede.blacklight
xsede.blacklight,xsede.gordon,xsede.gordon,xsede.blacklight,xsede.stampede,xsede.stampede
xsede.stampede,xsede.stampede,xsede.stampede,xsede.stampede,xsede.blacklight,xsede.stampede
xsede.stampede,xsede.stampede,xsede.stampede,xsede.gordon,xsede.stampede,xsede.stampede
xsede.stampede,xsede.gordon,xsede.stampede,xsede.blacklight,xsede.stampede,xsede.blacklight
xsede.gordon,xsede.stampede,nersc.hopper_ccm,xsede.gordon,xsede.stampede,xsede.stampede
xsede.gordon,xsede.stampede,xsede.stampede,xsede.gordon,xsede.stampede,xsede.stampede
xsede.blacklight,xsede.gordon,xsede.blacklight,xsede.blacklight,xsede.stampede,xsede.stampede
xsede.stampede,xsede.stampede,xsede.blacklight,xsede.blacklight,xsede.blacklight,xsede.blacklight
xsede.stampede,xsede.stampede,xsede.blacklight,xsede.stampede,xsede.stampede,nersc.hopper_ccm
xsede.gordon,xsede.gordon,xsede.blacklight,xsede.stampede,xsede.blacklight,xsede.stampede
xsede.stampede,xsede.stampede,xsede.blacklight,xsede.stampede,xsede.blacklight,xsede.stampede
xsede.stampede,xsede.blacklight,xsede.blacklight,xsede.gordon,xsede.stampede,xsede.gordon
nersc.hopper_ccm,xsede.stampede,xsede.stampede,xsede.blacklight,xsede.stampede,xsede.blacklight
xsede.stampede,xsede.stampede,xsede.gordon,xsede.stampede,xsede.stampede,xsede.stampede
xsede.gordon,xsede.stampede,xsede.stampede,xsede.stampede,xsede.gordon,xsede.gordon
xsede.gordon,xsede.stampede,xsede.blacklight,xsede.stampede,xsede.blacklight,xsede.gordon
xsede.stampede,xsede.gordon,xsede.gordon,xsede.gordon,xsede.blacklight,xsede.gordon
nersc.hopper_ccm,xsede.blacklight,xsede.stampede,xsede.stampede,xsede.trestles,xsede.blacklight
xsede.gordon,xsede.stampede,xsede.stampede,xsede.blacklight,xsede.stampede,xsede.stampede
xsede.blacklight,xsede.stampede,xsede.stampede,xsede.blacklight,xsede.blacklight,xsede.stampede
xsede.stampede,nersc.hopper_ccm,xsede.stampede,xsede.stampede,xsede.stampede,xsede.stampede
xsede.stampede,nersc.hopper_ccm,xsede.stampede,xsede.gordon,xsede.blacklight,xsede.stampede
xsede.stampede,xsede.blacklight,xsede.gordon,xsede.blacklight,xsede.stampede,xsede.blacklight
xsede.stampede,xsede.stampede,xsede.stampede,xsede.stampede,xsede.stampede,xsede.blacklight
xsede.blacklight,nersc.hopper_ccm,xsede.stampede,xsede.blacklight,xsede.blacklight,xsede.stampede
xsede.stampede,xsede.stampede,xsede.stampede,xsede.stampede,xsede.stampede,xsede.blacklight
xsede.gordon,xsede.blacklight,xsede.stampede,xsede.trestles,xsede.stampede,xsede.gordon
xsede.blacklight,xsede.blacklight,xsede.stampede,xsede.stampede,xsede.blacklight,xsede.stampede
xsede.stampede,xsede.stampede,xsede.stampede,xsede.stampede,xsede.stampede,xsede.blacklight
xsede.stampede,xsede.blacklight,xsede.blacklight,xsede.stampede,xsede.stampede,nersc.hopper_ccm
xsede.stampede,xsede.stampede,xsede.stampede,xsede.stampede,xsede.blacklight,nersc.hopper_ccm
xsede.stampede,xsede.stampede,xsede.stampede,xsede.gordon,xsede.gordon,xsede.gordon
xsede.gordon,xsede.stampede,xsede.stampede,xsede.stampede,xsede.stampede,xsede.stampede
xsede.blacklight,xsede.stampede,xsede.gordon,xsede.stampede,xsede.stampede,xsede.stampede
xsede.blacklight,xsede.blacklight,xsede.stampede,xsede.stampede,xsede.stampede,xsede.stampede
xsede.blacklight,xsede.blacklight,xsede.stampede,xsede.stampede,xsede.blacklight,xsede.stampede
xsede.stampede,xsede.stampede,xsede.stampede,xsede.stampede,xsede.stampede,xsede.stampede
xsede.blacklight,xsede.blacklight,xsede.blacklight,xsede.blacklight,xsede.stampede,xsede.gordon
xsede.gordon,xsede.stampede,xsede.blacklight,xsede.stampede,xsede.gordon,xsede.blacklight
xsede.gordon,xsede.stampede,xsede.stampede,xsede.stampede,xsede.stampede,xsede.blacklight
xsede.stampede,xsede.stampede,xsede.stampede,xsede.stampede,xsede.stampede,xsede.stampede
xsede.stampede,xsede.stampede,xsede.gordon,xsede.gordon,xsede.stampede,xsede.blacklight
xsede.stampede,xsede.stampede,xsede.stampede,xsede.blacklight,xsede.stampede,xsede.blacklight
xsede.stampede,xsede.stampede,xsede.gordon,xsede.stampede,xsede.stampede,xsede.stampede
xsede.stampede,xsede.gordon,xsede.stampede,xsede.stampede,xsede.blacklight,xsede.stampede
xsede.stampede,xsede.blacklight,xsede.stampede,xsede.gordon,xsede.blacklight,xsede.blacklight
xsede.stampede,xsede.stampede,xsede.blacklight,xsede.blacklight,xsede.stampede,xsede.gordon
xsede.gordon,xsede.gordon,xsede.stampede,xsede.stampede,xsede.stampede,xsede.stampede
xsede.blacklight,xsede.stampede,xsede.stampede,xsede.gordon,xsede.stampede,xsede.stampede
xsede.gordon,xsede.gordon,xsede.blacklight,xsede.stampede,xsede.blacklight,xsede.stampede
xsede.stampede,xsede.stampede,xsede.stampede,xsede.stampede,xsede.stampede,xsede.stampede
xsede.stampede,xsede.stampede,xsede.stampede,xsede.blacklight,xsede.blacklight,xsede.blacklight
xsede.stampede,xsede.stampede,xsede.blacklight,xsede.stampede,xsede.blacklight,xsede.stampede
nersc.hopper_ccm,xsede.blacklight,xsede.stampede,xsede.stampede,xsede.stampede,xsede.stampede
nersc.hopper_ccm,nersc.hopper_ccm,xsede.gordon,xsede.stampede,xsede.stampede,xsede.gordon
xsede.stampede,xsede.stampede,xsede.stampede,xsede.blacklight,xsede.stampede,xsede.stampede
xsede.gordon,xsede.gordon,xsede.stampede,xsede.stampede,xsede.stampede,xsede.stampede
xsede.blacklight,xsede.stampede,xsede.stampede,xsede.stampede,xsede.gordon,xsede.stampede
xsede.stampede,xsede.stampede,xsede.stampede,xsede.stampede,xsede.blacklight,xsede.stampede
xsede.blacklight,xsede.blacklight,xsede.stampede,xsede.stampede,xsede.stampede,xsede.stampede
nersc.hopper_ccm,xsede.stampede,nersc.hopper_ccm,xsede.stampede,xsede.blacklight,xsede.blacklight
xsede.stampede,xsede.stampede,xsede.blacklight,xsede.blacklight,xsede.stampede,xsede.trestles
xsede.blacklight,xsede.stampede,xsede.stampede,xsede.stampede,xsede.stampede,
xsede.stampede,xsede.blacklight,xsede.stampede,xsede.stampede,xsede.stampede,
xsede.stampede,xsede.stampede,xsede.stampede,xsede.gordon,xsede.stampede,
xsede.stampede,xsede.stampede,xsede.blacklight,xsede.stampede,xsede.stampede,
,xsede.gordon,xsede.stampede,xsede.stampede,xsede.stampede,
,xsede.stampede,xsede.gordon,,xsede.gordon,
,xsede.blacklight,xsede.stampede,,xsede.blacklight,
,xsede.gordon,xsede.stampede,,xsede.stampede,
,,,,xsede.stampede,
,,,,xsede.gordon,
,,,,xsede.blacklight,
,,,,xsede.blacklight,
,,,,xsede.blacklight,
,,,,xsede.stampede,
,,,,xsede.blacklight,
,,,,xsede.stampede,
,,,,xsede.blacklight,
,,,,xsede.stampede,
