xsede.gordon,xsede.gordon,xsede.trestles,xsede.trestles,xsede.stampede,xsede.trestles
xsede.gordon,xsede.trestles,xsede.trestles,xsede.gordon,xsede.trestles,xsede.trestles
xsede.trestles,xsede.trestles,xsede.gordon,xsede.stampede,xsede.gordon,xsede.trestles
xsede.stampede,xsede.trestles,xsede.stampede,xsede.gordon,xsede.gordon,xsede.trestles
xsede.trestles,xsede.stampede,xsede.stampede,xsede.stampede,nersc.hopper_ccm,xsede.gordon
xsede.trestles,xsede.gordon,xsede.gordon,xsede.gordon,xsede.gordon,xsede.trestles
xsede.trestles,xsede.trestles,xsede.stampede,xsede.trestles,xsede.trestles,xsede.trestles
xsede.gordon,xsede.gordon,xsede.gordon,xsede.gordon,xsede.gordon,xsede.trestles
xsede.gordon,xsede.stampede,xsede.gordon,xsede.gordon,nersc.hopper_ccm,xsede.stampede
xsede.stampede,xsede.gordon,xsede.trestles,xsede.trestles,xsede.trestles,xsede.stampede
xsede.trestles,xsede.trestles,xsede.trestles,xsede.trestles,xsede.stampede,xsede.trestles
xsede.trestles,xsede.gordon,xsede.trestles,xsede.gordon,xsede.trestles,xsede.stampede
xsede.trestles,xsede.trestles,xsede.trestles,xsede.gordon,xsede.stampede,xsede.trestles
xsede.stampede,xsede.trestles,xsede.trestles,xsede.gordon,xsede.trestles,nersc.hopper_ccm
xsede.trestles,xsede.stampede,xsede.trestles,xsede.stampede,xsede.gordon,xsede.stampede
xsede.stampede,xsede.gordon,xsede.gordon,xsede.trestles,xsede.stampede,xsede.trestles
xsede.gordon,xsede.trestles,xsede.gordon,xsede.gordon,xsede.gordon,xsede.trestles
xsede.trestles,xsede.trestles,xsede.gordon,xsede.gordon,nersc.hopper_ccm,xsede.trestles
xsede.stampede,xsede.trestles,xsede.trestles,xsede.gordon,xsede.gordon,xsede.stampede
,xsede.stampede,xsede.stampede,xsede.gordon,xsede.stampede,xsede.trestles
,xsede.gordon,xsede.trestles,xsede.gordon,xsede.trestles,xsede.gordon
,xsede.trestles,xsede.trestles,xsede.trestles,xsede.trestles,xsede.trestles
,xsede.trestles,xsede.trestles,xsede.stampede,xsede.trestles,xsede.gordon
,xsede.stampede,xsede.gordon,xsede.trestles,xsede.trestles,xsede.trestles
,xsede.trestles,xsede.trestles,xsede.gordon,xsede.trestles,xsede.trestles
,xsede.stampede,xsede.gordon,xsede.trestles,xsede.trestles,xsede.trestles
,,xsede.trestles,xsede.stampede,xsede.gordon,xsede.gordon
,,xsede.gordon,xsede.gordon,xsede.gordon,xsede.trestles
,,xsede.trestles,xsede.trestles,xsede.trestles,xsede.gordon
,,xsede.trestles,xsede.stampede,xsede.stampede,xsede.gordon
,,xsede.trestles,xsede.trestles,xsede.stampede,xsede.stampede
,,xsede.trestles,xsede.stampede,xsede.gordon,xsede.trestles
,,xsede.gordon,xsede.gordon,xsede.trestles,xsede.stampede
,,xsede.stampede,xsede.trestles,xsede.trestles,xsede.trestles
,,xsede.trestles,xsede.stampede,xsede.stampede,xsede.gordon
,,xsede.stampede,xsede.trestles,xsede.trestles,xsede.gordon
,,xsede.gordon,xsede.trestles,xsede.trestles,xsede.trestles
,,,xsede.gordon,nersc.hopper_ccm,xsede.trestles
,,,xsede.stampede,xsede.trestles,xsede.trestles
,,,xsede.trestles,xsede.gordon,xsede.trestles
,,,xsede.trestles,xsede.stampede,xsede.trestles
,,,,nersc.hopper_ccm,xsede.trestles
,,,,xsede.stampede,
,,,,xsede.stampede,
